-- phpMyAdmin SQL Dump
-- version 5.1.1
-- https://www.phpmyadmin.net/
--
-- Host: localhost:3306
-- Generation Time: Oct 16, 2023 at 03:43 PM
-- Server version: 5.7.33
-- PHP Version: 7.4.19

SET SQL_MODE = "NO_AUTO_VALUE_ON_ZERO";
START TRANSACTION;
SET time_zone = "+00:00";


/*!40101 SET @OLD_CHARACTER_SET_CLIENT=@@CHARACTER_SET_CLIENT */;
/*!40101 SET @OLD_CHARACTER_SET_RESULTS=@@CHARACTER_SET_RESULTS */;
/*!40101 SET @OLD_COLLATION_CONNECTION=@@COLLATION_CONNECTION */;
/*!40101 SET NAMES utf8mb4 */;

--
-- Database: `frd_laporan`
--

-- --------------------------------------------------------

--
-- Table structure for table `absen`
--

CREATE TABLE `absen` (
  `id_absen` int(10) UNSIGNED NOT NULL,
  `tanggal_absen` date NOT NULL,
  `catatan` text COLLATE utf8mb4_unicode_ci NOT NULL,
  `id_anggota` int(10) UNSIGNED NOT NULL,
  `pdf` text COLLATE utf8mb4_unicode_ci,
  `created_at` timestamp NULL DEFAULT NULL,
  `updated_at` timestamp NULL DEFAULT NULL
) ENGINE=InnoDB DEFAULT CHARSET=utf8mb4 COLLATE=utf8mb4_unicode_ci;

--
-- Dumping data for table `absen`
--

INSERT INTO `absen` (`id_absen`, `tanggal_absen`, `catatan`, `id_anggota`, `pdf`, `created_at`, `updated_at`) VALUES
(264540, '2023-10-04', 'testsetset', 8, NULL, '2023-10-16 06:48:30', '2023-10-16 06:48:30'),
(650363, '2023-10-04', 'testsetset', 8, NULL, '2023-10-16 06:49:35', '2023-10-16 06:49:35'),
(651407, '2023-10-04', '1', 8, NULL, '2023-10-16 06:50:01', '2023-10-16 06:50:01'),
(701088, '2023-10-03', 'asdasdasd', 29, 'pdf/701088.pdf', '2023-10-16 06:55:52', '2023-10-16 06:55:52'),
(779723, '2023-10-18', 'a', 16, NULL, '2023-10-16 06:51:53', '2023-10-16 06:51:53'),
(824037, '2023-10-04', 'adasd', 29, 'pdf/824037.pdf', '2023-10-16 06:53:27', '2023-10-16 06:53:41'),
(972005, '2023-10-18', 'a', 16, NULL, '2023-10-16 06:51:08', '2023-10-16 06:51:08');

-- --------------------------------------------------------

--
-- Table structure for table `absensi`
--

CREATE TABLE `absensi` (
  `id_absensi` int(11) NOT NULL,
  `id_absen` int(10) UNSIGNED NOT NULL,
  `id_anggota` int(10) UNSIGNED NOT NULL,
  `absenshadir` varchar(255) NOT NULL,
  `created_at` timestamp NULL DEFAULT NULL,
  `updated_at` timestamp NULL DEFAULT NULL
) ENGINE=InnoDB DEFAULT CHARSET=latin1;

--
-- Dumping data for table `absensi`
--

INSERT INTO `absensi` (`id_absensi`, `id_absen`, `id_anggota`, `absenshadir`, `created_at`, `updated_at`) VALUES
(1, 264540, 1, 'hadir', '2023-10-16 06:48:30', '2023-10-16 06:48:30'),
(2, 264540, 2, 'tidak hadir', '2023-10-16 06:48:30', '2023-10-16 06:48:30'),
(3, 264540, 3, 'hadir', '2023-10-16 06:48:30', '2023-10-16 06:48:30'),
(4, 264540, 4, 'hadir', '2023-10-16 06:48:30', '2023-10-16 06:48:30'),
(5, 264540, 5, 'hadir', '2023-10-16 06:48:30', '2023-10-16 06:48:30'),
(6, 264540, 6, 'hadir', '2023-10-16 06:48:30', '2023-10-16 06:48:30'),
(7, 264540, 7, 'hadir', '2023-10-16 06:48:30', '2023-10-16 06:48:30'),
(8, 264540, 8, 'hadir', '2023-10-16 06:48:30', '2023-10-16 06:48:30'),
(9, 264540, 9, 'tidak hadir', '2023-10-16 06:48:30', '2023-10-16 06:48:30'),
(10, 264540, 10, 'tidak hadir', '2023-10-16 06:48:30', '2023-10-16 06:48:30'),
(11, 264540, 11, 'hadir', '2023-10-16 06:48:30', '2023-10-16 06:48:30'),
(12, 264540, 12, 'tidak hadir', '2023-10-16 06:48:30', '2023-10-16 06:48:30'),
(13, 264540, 13, 'tidak hadir', '2023-10-16 06:48:30', '2023-10-16 06:48:30'),
(14, 264540, 14, 'hadir', '2023-10-16 06:48:30', '2023-10-16 06:48:30'),
(15, 264540, 15, 'hadir', '2023-10-16 06:48:30', '2023-10-16 06:48:30'),
(16, 264540, 16, 'hadir', '2023-10-16 06:48:30', '2023-10-16 06:48:30'),
(17, 264540, 17, 'hadir', '2023-10-16 06:48:30', '2023-10-16 06:48:30'),
(18, 264540, 18, 'hadir', '2023-10-16 06:48:30', '2023-10-16 06:48:30'),
(19, 264540, 19, 'hadir', '2023-10-16 06:48:30', '2023-10-16 06:48:30'),
(20, 264540, 20, 'hadir', '2023-10-16 06:48:30', '2023-10-16 06:48:30'),
(21, 264540, 21, 'hadir', '2023-10-16 06:48:30', '2023-10-16 06:48:30'),
(22, 264540, 22, 'hadir', '2023-10-16 06:48:30', '2023-10-16 06:48:30'),
(23, 264540, 23, 'hadir', '2023-10-16 06:48:30', '2023-10-16 06:48:30'),
(24, 264540, 24, 'hadir', '2023-10-16 06:48:30', '2023-10-16 06:48:30'),
(25, 264540, 25, 'hadir', '2023-10-16 06:48:30', '2023-10-16 06:48:30'),
(26, 264540, 26, 'hadir', '2023-10-16 06:48:30', '2023-10-16 06:48:30'),
(27, 264540, 27, 'hadir', '2023-10-16 06:48:30', '2023-10-16 06:48:30'),
(28, 264540, 28, 'hadir', '2023-10-16 06:48:30', '2023-10-16 06:48:30'),
(29, 264540, 29, 'hadir', '2023-10-16 06:48:30', '2023-10-16 06:48:30'),
(30, 264540, 30, 'hadir', '2023-10-16 06:48:30', '2023-10-16 06:48:30'),
(31, 264540, 31, 'hadir', '2023-10-16 06:48:30', '2023-10-16 06:48:30'),
(32, 264540, 32, 'hadir', '2023-10-16 06:48:30', '2023-10-16 06:48:30'),
(33, 264540, 33, 'hadir', '2023-10-16 06:48:30', '2023-10-16 06:48:30'),
(34, 264540, 34, 'hadir', '2023-10-16 06:48:30', '2023-10-16 06:48:30'),
(35, 264540, 35, 'hadir', '2023-10-16 06:48:30', '2023-10-16 06:48:30'),
(36, 264540, 36, 'hadir', '2023-10-16 06:48:30', '2023-10-16 06:48:30'),
(37, 264540, 37, 'hadir', '2023-10-16 06:48:30', '2023-10-16 06:48:30'),
(38, 264540, 38, 'hadir', '2023-10-16 06:48:30', '2023-10-16 06:48:30'),
(39, 264540, 39, 'hadir', '2023-10-16 06:48:30', '2023-10-16 06:48:30'),
(40, 264540, 40, 'hadir', '2023-10-16 06:48:30', '2023-10-16 06:48:30'),
(41, 264540, 41, 'hadir', '2023-10-16 06:48:30', '2023-10-16 06:48:30'),
(42, 264540, 42, 'hadir', '2023-10-16 06:48:30', '2023-10-16 06:48:30'),
(43, 264540, 43, 'hadir', '2023-10-16 06:48:30', '2023-10-16 06:48:30'),
(44, 264540, 44, 'hadir', '2023-10-16 06:48:30', '2023-10-16 06:48:30'),
(45, 264540, 45, 'hadir', '2023-10-16 06:48:30', '2023-10-16 06:48:30'),
(46, 264540, 46, 'hadir', '2023-10-16 06:48:30', '2023-10-16 06:48:30'),
(47, 264540, 47, 'hadir', '2023-10-16 06:48:30', '2023-10-16 06:48:30'),
(48, 264540, 48, 'hadir', '2023-10-16 06:48:30', '2023-10-16 06:48:30'),
(49, 264540, 49, 'hadir', '2023-10-16 06:48:30', '2023-10-16 06:48:30'),
(50, 264540, 50, 'hadir', '2023-10-16 06:48:30', '2023-10-16 06:48:30'),
(51, 264540, 51, 'hadir', '2023-10-16 06:48:30', '2023-10-16 06:48:30'),
(52, 264540, 52, 'hadir', '2023-10-16 06:48:30', '2023-10-16 06:48:30'),
(53, 264540, 53, 'hadir', '2023-10-16 06:48:30', '2023-10-16 06:48:30'),
(54, 264540, 54, 'hadir', '2023-10-16 06:48:30', '2023-10-16 06:48:30'),
(55, 264540, 55, 'hadir', '2023-10-16 06:48:30', '2023-10-16 06:48:30'),
(56, 264540, 56, 'hadir', '2023-10-16 06:48:30', '2023-10-16 06:48:30'),
(57, 264540, 57, 'hadir', '2023-10-16 06:48:30', '2023-10-16 06:48:30'),
(58, 264540, 58, 'hadir', '2023-10-16 06:48:30', '2023-10-16 06:48:30'),
(59, 264540, 59, 'hadir', '2023-10-16 06:48:30', '2023-10-16 06:48:30'),
(60, 264540, 60, 'hadir', '2023-10-16 06:48:30', '2023-10-16 06:48:30'),
(61, 264540, 61, 'hadir', '2023-10-16 06:48:30', '2023-10-16 06:48:30'),
(62, 264540, 62, 'hadir', '2023-10-16 06:48:30', '2023-10-16 06:48:30'),
(63, 264540, 63, 'hadir', '2023-10-16 06:48:30', '2023-10-16 06:48:30'),
(64, 264540, 64, 'hadir', '2023-10-16 06:48:30', '2023-10-16 06:48:30'),
(65, 264540, 65, 'hadir', '2023-10-16 06:48:30', '2023-10-16 06:48:30'),
(66, 264540, 66, 'hadir', '2023-10-16 06:48:30', '2023-10-16 06:48:30'),
(67, 264540, 67, 'hadir', '2023-10-16 06:48:30', '2023-10-16 06:48:30'),
(68, 264540, 68, 'hadir', '2023-10-16 06:48:30', '2023-10-16 06:48:30'),
(69, 264540, 69, 'hadir', '2023-10-16 06:48:30', '2023-10-16 06:48:30'),
(70, 264540, 70, 'hadir', '2023-10-16 06:48:30', '2023-10-16 06:48:30'),
(71, 264540, 71, 'hadir', '2023-10-16 06:48:30', '2023-10-16 06:48:30'),
(72, 264540, 72, 'hadir', '2023-10-16 06:48:30', '2023-10-16 06:48:30'),
(73, 264540, 73, 'hadir', '2023-10-16 06:48:30', '2023-10-16 06:48:30'),
(74, 264540, 74, 'hadir', '2023-10-16 06:48:30', '2023-10-16 06:48:30'),
(75, 264540, 75, 'hadir', '2023-10-16 06:48:30', '2023-10-16 06:48:30'),
(76, 264540, 76, 'hadir', '2023-10-16 06:48:30', '2023-10-16 06:48:30'),
(77, 264540, 77, 'tidak hadir', '2023-10-16 06:48:30', '2023-10-16 06:48:30'),
(78, 264540, 78, 'tidak hadir', '2023-10-16 06:48:30', '2023-10-16 06:48:30'),
(79, 264540, 79, 'tidak hadir', '2023-10-16 06:48:30', '2023-10-16 06:48:30'),
(80, 264540, 80, 'tidak hadir', '2023-10-16 06:48:30', '2023-10-16 06:48:30'),
(81, 264540, 81, 'hadir', '2023-10-16 06:48:30', '2023-10-16 06:48:30'),
(82, 264540, 82, 'hadir', '2023-10-16 06:48:30', '2023-10-16 06:48:30'),
(83, 264540, 83, 'hadir', '2023-10-16 06:48:30', '2023-10-16 06:48:30'),
(84, 264540, 84, 'hadir', '2023-10-16 06:48:30', '2023-10-16 06:48:30'),
(85, 264540, 85, 'hadir', '2023-10-16 06:48:30', '2023-10-16 06:48:30'),
(86, 264540, 86, 'hadir', '2023-10-16 06:48:30', '2023-10-16 06:48:30'),
(87, 264540, 87, 'tidak hadir', '2023-10-16 06:48:30', '2023-10-16 06:48:30'),
(88, 264540, 88, 'hadir', '2023-10-16 06:48:30', '2023-10-16 06:48:30'),
(89, 264540, 89, 'hadir', '2023-10-16 06:48:30', '2023-10-16 06:48:30'),
(90, 264540, 90, 'hadir', '2023-10-16 06:48:30', '2023-10-16 06:48:30'),
(91, 264540, 91, 'hadir', '2023-10-16 06:48:30', '2023-10-16 06:48:30'),
(92, 264540, 92, 'hadir', '2023-10-16 06:48:30', '2023-10-16 06:48:30'),
(93, 264540, 93, 'hadir', '2023-10-16 06:48:30', '2023-10-16 06:48:30'),
(94, 264540, 94, 'hadir', '2023-10-16 06:48:30', '2023-10-16 06:48:30'),
(95, 264540, 95, 'hadir', '2023-10-16 06:48:30', '2023-10-16 06:48:30'),
(96, 650363, 1, 'hadir', '2023-10-16 06:49:35', '2023-10-16 06:49:35'),
(97, 650363, 2, 'tidak hadir', '2023-10-16 06:49:35', '2023-10-16 06:49:35'),
(98, 650363, 3, 'hadir', '2023-10-16 06:49:35', '2023-10-16 06:49:35'),
(99, 650363, 4, 'hadir', '2023-10-16 06:49:35', '2023-10-16 06:49:35'),
(100, 650363, 5, 'hadir', '2023-10-16 06:49:35', '2023-10-16 06:49:35'),
(101, 650363, 6, 'hadir', '2023-10-16 06:49:35', '2023-10-16 06:49:35'),
(102, 650363, 7, 'hadir', '2023-10-16 06:49:35', '2023-10-16 06:49:35'),
(103, 650363, 8, 'hadir', '2023-10-16 06:49:35', '2023-10-16 06:49:35'),
(104, 650363, 9, 'tidak hadir', '2023-10-16 06:49:35', '2023-10-16 06:49:35'),
(105, 650363, 10, 'tidak hadir', '2023-10-16 06:49:35', '2023-10-16 06:49:35'),
(106, 650363, 11, 'hadir', '2023-10-16 06:49:35', '2023-10-16 06:49:35'),
(107, 650363, 12, 'tidak hadir', '2023-10-16 06:49:35', '2023-10-16 06:49:35'),
(108, 650363, 13, 'tidak hadir', '2023-10-16 06:49:35', '2023-10-16 06:49:35'),
(109, 650363, 14, 'hadir', '2023-10-16 06:49:35', '2023-10-16 06:49:35'),
(110, 650363, 15, 'hadir', '2023-10-16 06:49:35', '2023-10-16 06:49:35'),
(111, 650363, 16, 'hadir', '2023-10-16 06:49:35', '2023-10-16 06:49:35'),
(112, 650363, 17, 'hadir', '2023-10-16 06:49:35', '2023-10-16 06:49:35'),
(113, 650363, 18, 'hadir', '2023-10-16 06:49:35', '2023-10-16 06:49:35'),
(114, 650363, 19, 'hadir', '2023-10-16 06:49:35', '2023-10-16 06:49:35'),
(115, 650363, 20, 'hadir', '2023-10-16 06:49:35', '2023-10-16 06:49:35'),
(116, 650363, 21, 'hadir', '2023-10-16 06:49:35', '2023-10-16 06:49:35'),
(117, 650363, 22, 'hadir', '2023-10-16 06:49:35', '2023-10-16 06:49:35'),
(118, 650363, 23, 'hadir', '2023-10-16 06:49:35', '2023-10-16 06:49:35'),
(119, 650363, 24, 'hadir', '2023-10-16 06:49:35', '2023-10-16 06:49:35'),
(120, 650363, 25, 'hadir', '2023-10-16 06:49:35', '2023-10-16 06:49:35'),
(121, 650363, 26, 'hadir', '2023-10-16 06:49:35', '2023-10-16 06:49:35'),
(122, 650363, 27, 'hadir', '2023-10-16 06:49:35', '2023-10-16 06:49:35'),
(123, 650363, 28, 'hadir', '2023-10-16 06:49:35', '2023-10-16 06:49:35'),
(124, 650363, 29, 'hadir', '2023-10-16 06:49:35', '2023-10-16 06:49:35'),
(125, 650363, 30, 'hadir', '2023-10-16 06:49:35', '2023-10-16 06:49:35'),
(126, 650363, 31, 'hadir', '2023-10-16 06:49:35', '2023-10-16 06:49:35'),
(127, 650363, 32, 'hadir', '2023-10-16 06:49:35', '2023-10-16 06:49:35'),
(128, 650363, 33, 'hadir', '2023-10-16 06:49:35', '2023-10-16 06:49:35'),
(129, 650363, 34, 'hadir', '2023-10-16 06:49:35', '2023-10-16 06:49:35'),
(130, 650363, 35, 'hadir', '2023-10-16 06:49:35', '2023-10-16 06:49:35'),
(131, 650363, 36, 'hadir', '2023-10-16 06:49:35', '2023-10-16 06:49:35'),
(132, 650363, 37, 'hadir', '2023-10-16 06:49:35', '2023-10-16 06:49:35'),
(133, 650363, 38, 'hadir', '2023-10-16 06:49:35', '2023-10-16 06:49:35'),
(134, 650363, 39, 'hadir', '2023-10-16 06:49:35', '2023-10-16 06:49:35'),
(135, 650363, 40, 'hadir', '2023-10-16 06:49:35', '2023-10-16 06:49:35'),
(136, 650363, 41, 'hadir', '2023-10-16 06:49:35', '2023-10-16 06:49:35'),
(137, 650363, 42, 'hadir', '2023-10-16 06:49:35', '2023-10-16 06:49:35'),
(138, 650363, 43, 'hadir', '2023-10-16 06:49:35', '2023-10-16 06:49:35'),
(139, 650363, 44, 'hadir', '2023-10-16 06:49:35', '2023-10-16 06:49:35'),
(140, 650363, 45, 'hadir', '2023-10-16 06:49:35', '2023-10-16 06:49:35'),
(141, 650363, 46, 'hadir', '2023-10-16 06:49:35', '2023-10-16 06:49:35'),
(142, 650363, 47, 'hadir', '2023-10-16 06:49:35', '2023-10-16 06:49:35'),
(143, 650363, 48, 'hadir', '2023-10-16 06:49:35', '2023-10-16 06:49:35'),
(144, 650363, 49, 'hadir', '2023-10-16 06:49:35', '2023-10-16 06:49:35'),
(145, 650363, 50, 'hadir', '2023-10-16 06:49:35', '2023-10-16 06:49:35'),
(146, 650363, 51, 'hadir', '2023-10-16 06:49:35', '2023-10-16 06:49:35'),
(147, 650363, 52, 'hadir', '2023-10-16 06:49:35', '2023-10-16 06:49:35'),
(148, 650363, 53, 'hadir', '2023-10-16 06:49:35', '2023-10-16 06:49:35'),
(149, 650363, 54, 'hadir', '2023-10-16 06:49:35', '2023-10-16 06:49:35'),
(150, 650363, 55, 'hadir', '2023-10-16 06:49:35', '2023-10-16 06:49:35'),
(151, 650363, 56, 'hadir', '2023-10-16 06:49:35', '2023-10-16 06:49:35'),
(152, 650363, 57, 'hadir', '2023-10-16 06:49:35', '2023-10-16 06:49:35'),
(153, 650363, 58, 'hadir', '2023-10-16 06:49:35', '2023-10-16 06:49:35'),
(154, 650363, 59, 'hadir', '2023-10-16 06:49:35', '2023-10-16 06:49:35'),
(155, 650363, 60, 'hadir', '2023-10-16 06:49:35', '2023-10-16 06:49:35'),
(156, 650363, 61, 'hadir', '2023-10-16 06:49:35', '2023-10-16 06:49:35'),
(157, 650363, 62, 'hadir', '2023-10-16 06:49:35', '2023-10-16 06:49:35'),
(158, 650363, 63, 'hadir', '2023-10-16 06:49:35', '2023-10-16 06:49:35'),
(159, 650363, 64, 'hadir', '2023-10-16 06:49:35', '2023-10-16 06:49:35'),
(160, 650363, 65, 'hadir', '2023-10-16 06:49:35', '2023-10-16 06:49:35'),
(161, 650363, 66, 'hadir', '2023-10-16 06:49:35', '2023-10-16 06:49:35'),
(162, 650363, 67, 'hadir', '2023-10-16 06:49:35', '2023-10-16 06:49:35'),
(163, 650363, 68, 'hadir', '2023-10-16 06:49:35', '2023-10-16 06:49:35'),
(164, 650363, 69, 'hadir', '2023-10-16 06:49:35', '2023-10-16 06:49:35'),
(165, 650363, 70, 'hadir', '2023-10-16 06:49:35', '2023-10-16 06:49:35'),
(166, 650363, 71, 'hadir', '2023-10-16 06:49:35', '2023-10-16 06:49:35'),
(167, 650363, 72, 'hadir', '2023-10-16 06:49:35', '2023-10-16 06:49:35'),
(168, 650363, 73, 'hadir', '2023-10-16 06:49:35', '2023-10-16 06:49:35'),
(169, 650363, 74, 'hadir', '2023-10-16 06:49:35', '2023-10-16 06:49:35'),
(170, 650363, 75, 'hadir', '2023-10-16 06:49:35', '2023-10-16 06:49:35'),
(171, 650363, 76, 'hadir', '2023-10-16 06:49:35', '2023-10-16 06:49:35'),
(172, 650363, 77, 'tidak hadir', '2023-10-16 06:49:35', '2023-10-16 06:49:35'),
(173, 650363, 78, 'tidak hadir', '2023-10-16 06:49:35', '2023-10-16 06:49:35'),
(174, 650363, 79, 'tidak hadir', '2023-10-16 06:49:35', '2023-10-16 06:49:35'),
(175, 650363, 80, 'tidak hadir', '2023-10-16 06:49:35', '2023-10-16 06:49:35'),
(176, 650363, 81, 'hadir', '2023-10-16 06:49:35', '2023-10-16 06:49:35'),
(177, 650363, 82, 'hadir', '2023-10-16 06:49:35', '2023-10-16 06:49:35'),
(178, 650363, 83, 'hadir', '2023-10-16 06:49:35', '2023-10-16 06:49:35'),
(179, 650363, 84, 'hadir', '2023-10-16 06:49:35', '2023-10-16 06:49:35'),
(180, 650363, 85, 'hadir', '2023-10-16 06:49:35', '2023-10-16 06:49:35'),
(181, 650363, 86, 'hadir', '2023-10-16 06:49:35', '2023-10-16 06:49:35'),
(182, 650363, 87, 'tidak hadir', '2023-10-16 06:49:35', '2023-10-16 06:49:35'),
(183, 650363, 88, 'hadir', '2023-10-16 06:49:35', '2023-10-16 06:49:35'),
(184, 650363, 89, 'hadir', '2023-10-16 06:49:35', '2023-10-16 06:49:35'),
(185, 650363, 90, 'hadir', '2023-10-16 06:49:35', '2023-10-16 06:49:35'),
(186, 650363, 91, 'hadir', '2023-10-16 06:49:35', '2023-10-16 06:49:35'),
(187, 650363, 92, 'hadir', '2023-10-16 06:49:35', '2023-10-16 06:49:35'),
(188, 650363, 93, 'hadir', '2023-10-16 06:49:35', '2023-10-16 06:49:35'),
(189, 650363, 94, 'hadir', '2023-10-16 06:49:35', '2023-10-16 06:49:35'),
(190, 650363, 95, 'hadir', '2023-10-16 06:49:35', '2023-10-16 06:49:35'),
(191, 651407, 1, 'tidak hadir', '2023-10-16 06:50:01', '2023-10-16 06:50:01'),
(192, 651407, 2, 'tidak hadir', '2023-10-16 06:50:01', '2023-10-16 06:50:01'),
(193, 651407, 3, 'tidak hadir', '2023-10-16 06:50:01', '2023-10-16 06:50:01'),
(194, 651407, 4, 'tidak hadir', '2023-10-16 06:50:01', '2023-10-16 06:50:01'),
(195, 651407, 5, 'tidak hadir', '2023-10-16 06:50:01', '2023-10-16 06:50:01'),
(196, 651407, 6, 'tidak hadir', '2023-10-16 06:50:01', '2023-10-16 06:50:01'),
(197, 651407, 7, 'tidak hadir', '2023-10-16 06:50:01', '2023-10-16 06:50:01'),
(198, 651407, 8, 'tidak hadir', '2023-10-16 06:50:01', '2023-10-16 06:50:01'),
(199, 651407, 9, 'tidak hadir', '2023-10-16 06:50:01', '2023-10-16 06:50:01'),
(200, 651407, 10, 'tidak hadir', '2023-10-16 06:50:01', '2023-10-16 06:50:01'),
(201, 651407, 11, 'tidak hadir', '2023-10-16 06:50:01', '2023-10-16 06:50:01'),
(202, 651407, 12, 'tidak hadir', '2023-10-16 06:50:01', '2023-10-16 06:50:01'),
(203, 651407, 13, 'tidak hadir', '2023-10-16 06:50:01', '2023-10-16 06:50:01'),
(204, 651407, 14, 'tidak hadir', '2023-10-16 06:50:01', '2023-10-16 06:50:01'),
(205, 651407, 15, 'tidak hadir', '2023-10-16 06:50:01', '2023-10-16 06:50:01'),
(206, 651407, 16, 'tidak hadir', '2023-10-16 06:50:01', '2023-10-16 06:50:01'),
(207, 651407, 17, 'hadir', '2023-10-16 06:50:01', '2023-10-16 06:50:01'),
(208, 651407, 18, 'tidak hadir', '2023-10-16 06:50:01', '2023-10-16 06:50:01'),
(209, 651407, 19, 'tidak hadir', '2023-10-16 06:50:01', '2023-10-16 06:50:01'),
(210, 651407, 20, 'tidak hadir', '2023-10-16 06:50:01', '2023-10-16 06:50:01'),
(211, 651407, 21, 'tidak hadir', '2023-10-16 06:50:01', '2023-10-16 06:50:01'),
(212, 651407, 22, 'tidak hadir', '2023-10-16 06:50:01', '2023-10-16 06:50:01'),
(213, 651407, 23, 'tidak hadir', '2023-10-16 06:50:01', '2023-10-16 06:50:01'),
(214, 651407, 24, 'tidak hadir', '2023-10-16 06:50:01', '2023-10-16 06:50:01'),
(215, 651407, 25, 'tidak hadir', '2023-10-16 06:50:01', '2023-10-16 06:50:01'),
(216, 651407, 26, 'tidak hadir', '2023-10-16 06:50:01', '2023-10-16 06:50:01'),
(217, 651407, 27, 'tidak hadir', '2023-10-16 06:50:01', '2023-10-16 06:50:01'),
(218, 651407, 28, 'tidak hadir', '2023-10-16 06:50:01', '2023-10-16 06:50:01'),
(219, 651407, 29, 'tidak hadir', '2023-10-16 06:50:01', '2023-10-16 06:50:01'),
(220, 651407, 30, 'tidak hadir', '2023-10-16 06:50:01', '2023-10-16 06:50:01'),
(221, 651407, 31, 'tidak hadir', '2023-10-16 06:50:01', '2023-10-16 06:50:01'),
(222, 651407, 32, 'tidak hadir', '2023-10-16 06:50:01', '2023-10-16 06:50:01'),
(223, 651407, 33, 'tidak hadir', '2023-10-16 06:50:01', '2023-10-16 06:50:01'),
(224, 651407, 34, 'tidak hadir', '2023-10-16 06:50:01', '2023-10-16 06:50:01'),
(225, 651407, 35, 'tidak hadir', '2023-10-16 06:50:01', '2023-10-16 06:50:01'),
(226, 651407, 36, 'tidak hadir', '2023-10-16 06:50:01', '2023-10-16 06:50:01'),
(227, 651407, 37, 'tidak hadir', '2023-10-16 06:50:01', '2023-10-16 06:50:01'),
(228, 651407, 38, 'tidak hadir', '2023-10-16 06:50:01', '2023-10-16 06:50:01'),
(229, 651407, 39, 'tidak hadir', '2023-10-16 06:50:01', '2023-10-16 06:50:01'),
(230, 651407, 40, 'tidak hadir', '2023-10-16 06:50:01', '2023-10-16 06:50:01'),
(231, 651407, 41, 'tidak hadir', '2023-10-16 06:50:01', '2023-10-16 06:50:01'),
(232, 651407, 42, 'tidak hadir', '2023-10-16 06:50:01', '2023-10-16 06:50:01'),
(233, 651407, 43, 'tidak hadir', '2023-10-16 06:50:01', '2023-10-16 06:50:01'),
(234, 651407, 44, 'tidak hadir', '2023-10-16 06:50:01', '2023-10-16 06:50:01'),
(235, 651407, 45, 'tidak hadir', '2023-10-16 06:50:01', '2023-10-16 06:50:01'),
(236, 651407, 46, 'tidak hadir', '2023-10-16 06:50:01', '2023-10-16 06:50:01'),
(237, 651407, 47, 'tidak hadir', '2023-10-16 06:50:01', '2023-10-16 06:50:01'),
(238, 651407, 48, 'tidak hadir', '2023-10-16 06:50:01', '2023-10-16 06:50:01'),
(239, 651407, 49, 'tidak hadir', '2023-10-16 06:50:01', '2023-10-16 06:50:01'),
(240, 651407, 50, 'tidak hadir', '2023-10-16 06:50:01', '2023-10-16 06:50:01'),
(241, 651407, 51, 'tidak hadir', '2023-10-16 06:50:01', '2023-10-16 06:50:01'),
(242, 651407, 52, 'tidak hadir', '2023-10-16 06:50:01', '2023-10-16 06:50:01'),
(243, 651407, 53, 'tidak hadir', '2023-10-16 06:50:01', '2023-10-16 06:50:01'),
(244, 651407, 54, 'tidak hadir', '2023-10-16 06:50:01', '2023-10-16 06:50:01'),
(245, 651407, 55, 'tidak hadir', '2023-10-16 06:50:01', '2023-10-16 06:50:01'),
(246, 651407, 56, 'tidak hadir', '2023-10-16 06:50:01', '2023-10-16 06:50:01'),
(247, 651407, 57, 'tidak hadir', '2023-10-16 06:50:01', '2023-10-16 06:50:01'),
(248, 651407, 58, 'tidak hadir', '2023-10-16 06:50:01', '2023-10-16 06:50:01'),
(249, 651407, 59, 'tidak hadir', '2023-10-16 06:50:01', '2023-10-16 06:50:01'),
(250, 651407, 60, 'tidak hadir', '2023-10-16 06:50:01', '2023-10-16 06:50:01'),
(251, 651407, 61, 'tidak hadir', '2023-10-16 06:50:01', '2023-10-16 06:50:01'),
(252, 651407, 62, 'tidak hadir', '2023-10-16 06:50:01', '2023-10-16 06:50:01'),
(253, 651407, 63, 'tidak hadir', '2023-10-16 06:50:01', '2023-10-16 06:50:01'),
(254, 651407, 64, 'tidak hadir', '2023-10-16 06:50:01', '2023-10-16 06:50:01'),
(255, 651407, 65, 'tidak hadir', '2023-10-16 06:50:01', '2023-10-16 06:50:01'),
(256, 651407, 66, 'tidak hadir', '2023-10-16 06:50:01', '2023-10-16 06:50:01'),
(257, 651407, 67, 'tidak hadir', '2023-10-16 06:50:01', '2023-10-16 06:50:01'),
(258, 651407, 68, 'tidak hadir', '2023-10-16 06:50:01', '2023-10-16 06:50:01'),
(259, 651407, 69, 'tidak hadir', '2023-10-16 06:50:01', '2023-10-16 06:50:01'),
(260, 651407, 70, 'tidak hadir', '2023-10-16 06:50:01', '2023-10-16 06:50:01'),
(261, 651407, 71, 'tidak hadir', '2023-10-16 06:50:01', '2023-10-16 06:50:01'),
(262, 651407, 72, 'tidak hadir', '2023-10-16 06:50:01', '2023-10-16 06:50:01'),
(263, 651407, 73, 'tidak hadir', '2023-10-16 06:50:01', '2023-10-16 06:50:01'),
(264, 651407, 74, 'tidak hadir', '2023-10-16 06:50:01', '2023-10-16 06:50:01'),
(265, 651407, 75, 'tidak hadir', '2023-10-16 06:50:01', '2023-10-16 06:50:01'),
(266, 651407, 76, 'tidak hadir', '2023-10-16 06:50:01', '2023-10-16 06:50:01'),
(267, 651407, 77, 'tidak hadir', '2023-10-16 06:50:01', '2023-10-16 06:50:01'),
(268, 651407, 78, 'tidak hadir', '2023-10-16 06:50:01', '2023-10-16 06:50:01'),
(269, 651407, 79, 'tidak hadir', '2023-10-16 06:50:01', '2023-10-16 06:50:01'),
(270, 651407, 80, 'tidak hadir', '2023-10-16 06:50:01', '2023-10-16 06:50:01'),
(271, 651407, 81, 'tidak hadir', '2023-10-16 06:50:01', '2023-10-16 06:50:01'),
(272, 651407, 82, 'tidak hadir', '2023-10-16 06:50:01', '2023-10-16 06:50:01'),
(273, 651407, 83, 'tidak hadir', '2023-10-16 06:50:01', '2023-10-16 06:50:01'),
(274, 651407, 84, 'tidak hadir', '2023-10-16 06:50:01', '2023-10-16 06:50:01'),
(275, 651407, 85, 'tidak hadir', '2023-10-16 06:50:01', '2023-10-16 06:50:01'),
(276, 651407, 86, 'tidak hadir', '2023-10-16 06:50:01', '2023-10-16 06:50:01'),
(277, 651407, 87, 'tidak hadir', '2023-10-16 06:50:01', '2023-10-16 06:50:01'),
(278, 651407, 88, 'tidak hadir', '2023-10-16 06:50:01', '2023-10-16 06:50:01'),
(279, 651407, 89, 'tidak hadir', '2023-10-16 06:50:01', '2023-10-16 06:50:01'),
(280, 651407, 90, 'tidak hadir', '2023-10-16 06:50:01', '2023-10-16 06:50:01'),
(281, 651407, 91, 'tidak hadir', '2023-10-16 06:50:01', '2023-10-16 06:50:01'),
(282, 651407, 92, 'tidak hadir', '2023-10-16 06:50:01', '2023-10-16 06:50:01'),
(283, 651407, 93, 'tidak hadir', '2023-10-16 06:50:01', '2023-10-16 06:50:01'),
(284, 651407, 94, 'tidak hadir', '2023-10-16 06:50:01', '2023-10-16 06:50:01'),
(285, 651407, 95, 'tidak hadir', '2023-10-16 06:50:01', '2023-10-16 06:50:01'),
(286, 972005, 1, 'tidak hadir', '2023-10-16 06:51:08', '2023-10-16 06:51:08'),
(287, 972005, 2, 'tidak hadir', '2023-10-16 06:51:08', '2023-10-16 06:51:08'),
(288, 972005, 3, 'tidak hadir', '2023-10-16 06:51:08', '2023-10-16 06:51:08'),
(289, 972005, 4, 'tidak hadir', '2023-10-16 06:51:08', '2023-10-16 06:51:08'),
(290, 972005, 5, 'tidak hadir', '2023-10-16 06:51:08', '2023-10-16 06:51:08'),
(291, 972005, 6, 'tidak hadir', '2023-10-16 06:51:08', '2023-10-16 06:51:08'),
(292, 972005, 7, 'tidak hadir', '2023-10-16 06:51:08', '2023-10-16 06:51:08'),
(293, 972005, 8, 'tidak hadir', '2023-10-16 06:51:08', '2023-10-16 06:51:08'),
(294, 972005, 9, 'tidak hadir', '2023-10-16 06:51:08', '2023-10-16 06:51:08'),
(295, 972005, 10, 'tidak hadir', '2023-10-16 06:51:08', '2023-10-16 06:51:08'),
(296, 972005, 11, 'tidak hadir', '2023-10-16 06:51:08', '2023-10-16 06:51:08'),
(297, 972005, 12, 'tidak hadir', '2023-10-16 06:51:08', '2023-10-16 06:51:08'),
(298, 972005, 13, 'tidak hadir', '2023-10-16 06:51:08', '2023-10-16 06:51:08'),
(299, 972005, 14, 'tidak hadir', '2023-10-16 06:51:08', '2023-10-16 06:51:08'),
(300, 972005, 15, 'tidak hadir', '2023-10-16 06:51:08', '2023-10-16 06:51:08'),
(301, 972005, 16, 'tidak hadir', '2023-10-16 06:51:08', '2023-10-16 06:51:08'),
(302, 972005, 17, 'tidak hadir', '2023-10-16 06:51:08', '2023-10-16 06:51:08'),
(303, 972005, 18, 'tidak hadir', '2023-10-16 06:51:08', '2023-10-16 06:51:08'),
(304, 972005, 19, 'tidak hadir', '2023-10-16 06:51:08', '2023-10-16 06:51:08'),
(305, 972005, 20, 'tidak hadir', '2023-10-16 06:51:08', '2023-10-16 06:51:08'),
(306, 972005, 21, 'tidak hadir', '2023-10-16 06:51:08', '2023-10-16 06:51:08'),
(307, 972005, 22, 'tidak hadir', '2023-10-16 06:51:08', '2023-10-16 06:51:08'),
(308, 972005, 23, 'tidak hadir', '2023-10-16 06:51:08', '2023-10-16 06:51:08'),
(309, 972005, 24, 'tidak hadir', '2023-10-16 06:51:08', '2023-10-16 06:51:08'),
(310, 972005, 25, 'tidak hadir', '2023-10-16 06:51:08', '2023-10-16 06:51:08'),
(311, 972005, 26, 'tidak hadir', '2023-10-16 06:51:08', '2023-10-16 06:51:08'),
(312, 972005, 27, 'tidak hadir', '2023-10-16 06:51:08', '2023-10-16 06:51:08'),
(313, 972005, 28, 'tidak hadir', '2023-10-16 06:51:08', '2023-10-16 06:51:08'),
(314, 972005, 29, 'tidak hadir', '2023-10-16 06:51:08', '2023-10-16 06:51:08'),
(315, 972005, 30, 'tidak hadir', '2023-10-16 06:51:08', '2023-10-16 06:51:08'),
(316, 972005, 31, 'tidak hadir', '2023-10-16 06:51:08', '2023-10-16 06:51:08'),
(317, 972005, 32, 'tidak hadir', '2023-10-16 06:51:08', '2023-10-16 06:51:08'),
(318, 972005, 33, 'tidak hadir', '2023-10-16 06:51:08', '2023-10-16 06:51:08'),
(319, 972005, 34, 'tidak hadir', '2023-10-16 06:51:08', '2023-10-16 06:51:08'),
(320, 972005, 35, 'tidak hadir', '2023-10-16 06:51:08', '2023-10-16 06:51:08'),
(321, 972005, 36, 'tidak hadir', '2023-10-16 06:51:08', '2023-10-16 06:51:08'),
(322, 972005, 37, 'tidak hadir', '2023-10-16 06:51:08', '2023-10-16 06:51:08'),
(323, 972005, 38, 'tidak hadir', '2023-10-16 06:51:08', '2023-10-16 06:51:08'),
(324, 972005, 39, 'tidak hadir', '2023-10-16 06:51:08', '2023-10-16 06:51:08'),
(325, 972005, 40, 'tidak hadir', '2023-10-16 06:51:08', '2023-10-16 06:51:08'),
(326, 972005, 41, 'tidak hadir', '2023-10-16 06:51:08', '2023-10-16 06:51:08'),
(327, 972005, 42, 'tidak hadir', '2023-10-16 06:51:08', '2023-10-16 06:51:08'),
(328, 972005, 43, 'tidak hadir', '2023-10-16 06:51:08', '2023-10-16 06:51:08'),
(329, 972005, 44, 'tidak hadir', '2023-10-16 06:51:08', '2023-10-16 06:51:08'),
(330, 972005, 45, 'hadir', '2023-10-16 06:51:08', '2023-10-16 06:51:08'),
(331, 972005, 46, 'tidak hadir', '2023-10-16 06:51:08', '2023-10-16 06:51:08'),
(332, 972005, 47, 'tidak hadir', '2023-10-16 06:51:08', '2023-10-16 06:51:08'),
(333, 972005, 48, 'tidak hadir', '2023-10-16 06:51:08', '2023-10-16 06:51:08'),
(334, 972005, 49, 'tidak hadir', '2023-10-16 06:51:08', '2023-10-16 06:51:08'),
(335, 972005, 50, 'tidak hadir', '2023-10-16 06:51:08', '2023-10-16 06:51:08'),
(336, 972005, 51, 'tidak hadir', '2023-10-16 06:51:08', '2023-10-16 06:51:08'),
(337, 972005, 52, 'tidak hadir', '2023-10-16 06:51:08', '2023-10-16 06:51:08'),
(338, 972005, 53, 'tidak hadir', '2023-10-16 06:51:08', '2023-10-16 06:51:08'),
(339, 972005, 54, 'tidak hadir', '2023-10-16 06:51:08', '2023-10-16 06:51:08'),
(340, 972005, 55, 'tidak hadir', '2023-10-16 06:51:08', '2023-10-16 06:51:08'),
(341, 972005, 56, 'tidak hadir', '2023-10-16 06:51:08', '2023-10-16 06:51:08'),
(342, 972005, 57, 'tidak hadir', '2023-10-16 06:51:08', '2023-10-16 06:51:08'),
(343, 972005, 58, 'tidak hadir', '2023-10-16 06:51:08', '2023-10-16 06:51:08'),
(344, 972005, 59, 'tidak hadir', '2023-10-16 06:51:08', '2023-10-16 06:51:08'),
(345, 972005, 60, 'tidak hadir', '2023-10-16 06:51:08', '2023-10-16 06:51:08'),
(346, 972005, 61, 'tidak hadir', '2023-10-16 06:51:08', '2023-10-16 06:51:08'),
(347, 972005, 62, 'tidak hadir', '2023-10-16 06:51:08', '2023-10-16 06:51:08'),
(348, 972005, 63, 'tidak hadir', '2023-10-16 06:51:08', '2023-10-16 06:51:08'),
(349, 972005, 64, 'tidak hadir', '2023-10-16 06:51:08', '2023-10-16 06:51:08'),
(350, 972005, 65, 'tidak hadir', '2023-10-16 06:51:08', '2023-10-16 06:51:08'),
(351, 972005, 66, 'tidak hadir', '2023-10-16 06:51:08', '2023-10-16 06:51:08'),
(352, 972005, 67, 'tidak hadir', '2023-10-16 06:51:08', '2023-10-16 06:51:08'),
(353, 972005, 68, 'tidak hadir', '2023-10-16 06:51:08', '2023-10-16 06:51:08'),
(354, 972005, 69, 'tidak hadir', '2023-10-16 06:51:08', '2023-10-16 06:51:08'),
(355, 972005, 70, 'tidak hadir', '2023-10-16 06:51:08', '2023-10-16 06:51:08'),
(356, 972005, 71, 'tidak hadir', '2023-10-16 06:51:08', '2023-10-16 06:51:08'),
(357, 972005, 72, 'tidak hadir', '2023-10-16 06:51:08', '2023-10-16 06:51:08'),
(358, 972005, 73, 'tidak hadir', '2023-10-16 06:51:08', '2023-10-16 06:51:08'),
(359, 972005, 74, 'tidak hadir', '2023-10-16 06:51:08', '2023-10-16 06:51:08'),
(360, 972005, 75, 'tidak hadir', '2023-10-16 06:51:08', '2023-10-16 06:51:08'),
(361, 972005, 76, 'tidak hadir', '2023-10-16 06:51:08', '2023-10-16 06:51:08'),
(362, 972005, 77, 'tidak hadir', '2023-10-16 06:51:08', '2023-10-16 06:51:08'),
(363, 972005, 78, 'tidak hadir', '2023-10-16 06:51:08', '2023-10-16 06:51:08'),
(364, 972005, 79, 'tidak hadir', '2023-10-16 06:51:08', '2023-10-16 06:51:08'),
(365, 972005, 80, 'tidak hadir', '2023-10-16 06:51:08', '2023-10-16 06:51:08'),
(366, 972005, 81, 'tidak hadir', '2023-10-16 06:51:08', '2023-10-16 06:51:08'),
(367, 972005, 82, 'tidak hadir', '2023-10-16 06:51:08', '2023-10-16 06:51:08'),
(368, 972005, 83, 'tidak hadir', '2023-10-16 06:51:08', '2023-10-16 06:51:08'),
(369, 972005, 84, 'tidak hadir', '2023-10-16 06:51:08', '2023-10-16 06:51:08'),
(370, 972005, 85, 'tidak hadir', '2023-10-16 06:51:08', '2023-10-16 06:51:08'),
(371, 972005, 86, 'tidak hadir', '2023-10-16 06:51:08', '2023-10-16 06:51:08'),
(372, 972005, 87, 'tidak hadir', '2023-10-16 06:51:08', '2023-10-16 06:51:08'),
(373, 972005, 88, 'tidak hadir', '2023-10-16 06:51:08', '2023-10-16 06:51:08'),
(374, 972005, 89, 'tidak hadir', '2023-10-16 06:51:08', '2023-10-16 06:51:08'),
(375, 972005, 90, 'tidak hadir', '2023-10-16 06:51:08', '2023-10-16 06:51:08'),
(376, 972005, 91, 'tidak hadir', '2023-10-16 06:51:08', '2023-10-16 06:51:08'),
(377, 972005, 92, 'tidak hadir', '2023-10-16 06:51:08', '2023-10-16 06:51:08'),
(378, 972005, 93, 'tidak hadir', '2023-10-16 06:51:08', '2023-10-16 06:51:08'),
(379, 972005, 94, 'tidak hadir', '2023-10-16 06:51:08', '2023-10-16 06:51:08'),
(380, 972005, 95, 'tidak hadir', '2023-10-16 06:51:08', '2023-10-16 06:51:08'),
(381, 779723, 1, 'tidak hadir', '2023-10-16 06:51:53', '2023-10-16 06:51:53'),
(382, 779723, 2, 'tidak hadir', '2023-10-16 06:51:53', '2023-10-16 06:51:53'),
(383, 779723, 3, 'tidak hadir', '2023-10-16 06:51:53', '2023-10-16 06:51:53'),
(384, 779723, 4, 'tidak hadir', '2023-10-16 06:51:53', '2023-10-16 06:51:53'),
(385, 779723, 5, 'tidak hadir', '2023-10-16 06:51:53', '2023-10-16 06:51:53'),
(386, 779723, 6, 'tidak hadir', '2023-10-16 06:51:53', '2023-10-16 06:51:53'),
(387, 779723, 7, 'tidak hadir', '2023-10-16 06:51:53', '2023-10-16 06:51:53'),
(388, 779723, 8, 'tidak hadir', '2023-10-16 06:51:53', '2023-10-16 06:51:53'),
(389, 779723, 9, 'tidak hadir', '2023-10-16 06:51:53', '2023-10-16 06:51:53'),
(390, 779723, 10, 'tidak hadir', '2023-10-16 06:51:53', '2023-10-16 06:51:53'),
(391, 779723, 11, 'tidak hadir', '2023-10-16 06:51:53', '2023-10-16 06:51:53'),
(392, 779723, 12, 'tidak hadir', '2023-10-16 06:51:53', '2023-10-16 06:51:53'),
(393, 779723, 13, 'tidak hadir', '2023-10-16 06:51:53', '2023-10-16 06:51:53'),
(394, 779723, 14, 'tidak hadir', '2023-10-16 06:51:53', '2023-10-16 06:51:53'),
(395, 779723, 15, 'tidak hadir', '2023-10-16 06:51:53', '2023-10-16 06:51:53'),
(396, 779723, 16, 'tidak hadir', '2023-10-16 06:51:53', '2023-10-16 06:51:53'),
(397, 779723, 17, 'tidak hadir', '2023-10-16 06:51:53', '2023-10-16 06:51:53'),
(398, 779723, 18, 'tidak hadir', '2023-10-16 06:51:53', '2023-10-16 06:51:53'),
(399, 779723, 19, 'tidak hadir', '2023-10-16 06:51:53', '2023-10-16 06:51:53'),
(400, 779723, 20, 'tidak hadir', '2023-10-16 06:51:53', '2023-10-16 06:51:53'),
(401, 779723, 21, 'tidak hadir', '2023-10-16 06:51:53', '2023-10-16 06:51:53'),
(402, 779723, 22, 'tidak hadir', '2023-10-16 06:51:53', '2023-10-16 06:51:53'),
(403, 779723, 23, 'tidak hadir', '2023-10-16 06:51:53', '2023-10-16 06:51:53'),
(404, 779723, 24, 'tidak hadir', '2023-10-16 06:51:53', '2023-10-16 06:51:53'),
(405, 779723, 25, 'tidak hadir', '2023-10-16 06:51:53', '2023-10-16 06:51:53'),
(406, 779723, 26, 'tidak hadir', '2023-10-16 06:51:53', '2023-10-16 06:51:53'),
(407, 779723, 27, 'tidak hadir', '2023-10-16 06:51:53', '2023-10-16 06:51:53'),
(408, 779723, 28, 'tidak hadir', '2023-10-16 06:51:53', '2023-10-16 06:51:53'),
(409, 779723, 29, 'tidak hadir', '2023-10-16 06:51:53', '2023-10-16 06:51:53'),
(410, 779723, 30, 'tidak hadir', '2023-10-16 06:51:53', '2023-10-16 06:51:53'),
(411, 779723, 31, 'tidak hadir', '2023-10-16 06:51:53', '2023-10-16 06:51:53'),
(412, 779723, 32, 'tidak hadir', '2023-10-16 06:51:53', '2023-10-16 06:51:53'),
(413, 779723, 33, 'tidak hadir', '2023-10-16 06:51:53', '2023-10-16 06:51:53'),
(414, 779723, 34, 'tidak hadir', '2023-10-16 06:51:53', '2023-10-16 06:51:53'),
(415, 779723, 35, 'tidak hadir', '2023-10-16 06:51:53', '2023-10-16 06:51:53'),
(416, 779723, 36, 'tidak hadir', '2023-10-16 06:51:53', '2023-10-16 06:51:53'),
(417, 779723, 37, 'tidak hadir', '2023-10-16 06:51:53', '2023-10-16 06:51:53'),
(418, 779723, 38, 'tidak hadir', '2023-10-16 06:51:53', '2023-10-16 06:51:53'),
(419, 779723, 39, 'tidak hadir', '2023-10-16 06:51:53', '2023-10-16 06:51:53'),
(420, 779723, 40, 'tidak hadir', '2023-10-16 06:51:53', '2023-10-16 06:51:53'),
(421, 779723, 41, 'tidak hadir', '2023-10-16 06:51:53', '2023-10-16 06:51:53'),
(422, 779723, 42, 'tidak hadir', '2023-10-16 06:51:53', '2023-10-16 06:51:53'),
(423, 779723, 43, 'tidak hadir', '2023-10-16 06:51:53', '2023-10-16 06:51:53'),
(424, 779723, 44, 'tidak hadir', '2023-10-16 06:51:53', '2023-10-16 06:51:53'),
(425, 779723, 45, 'hadir', '2023-10-16 06:51:53', '2023-10-16 06:51:53'),
(426, 779723, 46, 'tidak hadir', '2023-10-16 06:51:53', '2023-10-16 06:51:53'),
(427, 779723, 47, 'tidak hadir', '2023-10-16 06:51:53', '2023-10-16 06:51:53'),
(428, 779723, 48, 'tidak hadir', '2023-10-16 06:51:53', '2023-10-16 06:51:53'),
(429, 779723, 49, 'tidak hadir', '2023-10-16 06:51:53', '2023-10-16 06:51:53'),
(430, 779723, 50, 'tidak hadir', '2023-10-16 06:51:53', '2023-10-16 06:51:53'),
(431, 779723, 51, 'tidak hadir', '2023-10-16 06:51:53', '2023-10-16 06:51:53'),
(432, 779723, 52, 'tidak hadir', '2023-10-16 06:51:53', '2023-10-16 06:51:53'),
(433, 779723, 53, 'tidak hadir', '2023-10-16 06:51:53', '2023-10-16 06:51:53'),
(434, 779723, 54, 'tidak hadir', '2023-10-16 06:51:53', '2023-10-16 06:51:53'),
(435, 779723, 55, 'tidak hadir', '2023-10-16 06:51:53', '2023-10-16 06:51:53'),
(436, 779723, 56, 'tidak hadir', '2023-10-16 06:51:53', '2023-10-16 06:51:53'),
(437, 779723, 57, 'tidak hadir', '2023-10-16 06:51:53', '2023-10-16 06:51:53'),
(438, 779723, 58, 'tidak hadir', '2023-10-16 06:51:53', '2023-10-16 06:51:53'),
(439, 779723, 59, 'tidak hadir', '2023-10-16 06:51:53', '2023-10-16 06:51:53'),
(440, 779723, 60, 'tidak hadir', '2023-10-16 06:51:53', '2023-10-16 06:51:53'),
(441, 779723, 61, 'tidak hadir', '2023-10-16 06:51:53', '2023-10-16 06:51:53'),
(442, 779723, 62, 'tidak hadir', '2023-10-16 06:51:53', '2023-10-16 06:51:53'),
(443, 779723, 63, 'tidak hadir', '2023-10-16 06:51:53', '2023-10-16 06:51:53'),
(444, 779723, 64, 'tidak hadir', '2023-10-16 06:51:53', '2023-10-16 06:51:53'),
(445, 779723, 65, 'tidak hadir', '2023-10-16 06:51:53', '2023-10-16 06:51:53'),
(446, 779723, 66, 'tidak hadir', '2023-10-16 06:51:53', '2023-10-16 06:51:53'),
(447, 779723, 67, 'tidak hadir', '2023-10-16 06:51:53', '2023-10-16 06:51:53'),
(448, 779723, 68, 'tidak hadir', '2023-10-16 06:51:53', '2023-10-16 06:51:53'),
(449, 779723, 69, 'tidak hadir', '2023-10-16 06:51:53', '2023-10-16 06:51:53'),
(450, 779723, 70, 'tidak hadir', '2023-10-16 06:51:53', '2023-10-16 06:51:53'),
(451, 779723, 71, 'tidak hadir', '2023-10-16 06:51:53', '2023-10-16 06:51:53'),
(452, 779723, 72, 'tidak hadir', '2023-10-16 06:51:53', '2023-10-16 06:51:53'),
(453, 779723, 73, 'tidak hadir', '2023-10-16 06:51:53', '2023-10-16 06:51:53'),
(454, 779723, 74, 'tidak hadir', '2023-10-16 06:51:53', '2023-10-16 06:51:53'),
(455, 779723, 75, 'tidak hadir', '2023-10-16 06:51:53', '2023-10-16 06:51:53'),
(456, 779723, 76, 'tidak hadir', '2023-10-16 06:51:53', '2023-10-16 06:51:53'),
(457, 779723, 77, 'tidak hadir', '2023-10-16 06:51:53', '2023-10-16 06:51:53'),
(458, 779723, 78, 'tidak hadir', '2023-10-16 06:51:53', '2023-10-16 06:51:53'),
(459, 779723, 79, 'tidak hadir', '2023-10-16 06:51:53', '2023-10-16 06:51:53'),
(460, 779723, 80, 'tidak hadir', '2023-10-16 06:51:53', '2023-10-16 06:51:53'),
(461, 779723, 81, 'tidak hadir', '2023-10-16 06:51:53', '2023-10-16 06:51:53'),
(462, 779723, 82, 'tidak hadir', '2023-10-16 06:51:53', '2023-10-16 06:51:53'),
(463, 779723, 83, 'tidak hadir', '2023-10-16 06:51:53', '2023-10-16 06:51:53'),
(464, 779723, 84, 'tidak hadir', '2023-10-16 06:51:53', '2023-10-16 06:51:53'),
(465, 779723, 85, 'tidak hadir', '2023-10-16 06:51:53', '2023-10-16 06:51:53'),
(466, 779723, 86, 'tidak hadir', '2023-10-16 06:51:53', '2023-10-16 06:51:53'),
(467, 779723, 87, 'tidak hadir', '2023-10-16 06:51:53', '2023-10-16 06:51:53'),
(468, 779723, 88, 'tidak hadir', '2023-10-16 06:51:53', '2023-10-16 06:51:53'),
(469, 779723, 89, 'tidak hadir', '2023-10-16 06:51:53', '2023-10-16 06:51:53'),
(470, 779723, 90, 'tidak hadir', '2023-10-16 06:51:53', '2023-10-16 06:51:53'),
(471, 779723, 91, 'tidak hadir', '2023-10-16 06:51:53', '2023-10-16 06:51:53'),
(472, 779723, 92, 'tidak hadir', '2023-10-16 06:51:53', '2023-10-16 06:51:53'),
(473, 779723, 93, 'tidak hadir', '2023-10-16 06:51:53', '2023-10-16 06:51:53'),
(474, 779723, 94, 'tidak hadir', '2023-10-16 06:51:53', '2023-10-16 06:51:53'),
(475, 779723, 95, 'tidak hadir', '2023-10-16 06:51:53', '2023-10-16 06:51:53'),
(476, 824037, 2, 'hadir', '2023-10-16 06:53:27', '2023-10-16 06:53:27'),
(477, 824037, 3, 'hadir', '2023-10-16 06:53:27', '2023-10-16 06:53:27'),
(478, 824037, 4, 'hadir', '2023-10-16 06:53:27', '2023-10-16 06:53:27'),
(479, 824037, 29, 'hadir', '2023-10-16 06:53:27', '2023-10-16 06:53:27'),
(480, 701088, 2, 'hadir', '2023-10-16 06:55:52', '2023-10-16 06:55:52'),
(481, 701088, 3, 'tidak hadir', '2023-10-16 06:55:52', '2023-10-16 06:55:52'),
(482, 701088, 4, 'hadir', '2023-10-16 06:55:52', '2023-10-16 06:55:52'),
(483, 701088, 29, 'hadir', '2023-10-16 06:55:52', '2023-10-16 06:55:52');

-- --------------------------------------------------------

--
-- Table structure for table `anggota`
--

CREATE TABLE `anggota` (
  `id_anggota` int(10) UNSIGNED NOT NULL,
  `nama` varchar(255) COLLATE utf8mb4_unicode_ci NOT NULL,
  `instansi` varchar(255) COLLATE utf8mb4_unicode_ci DEFAULT NULL,
  `id_regu` int(10) UNSIGNED DEFAULT NULL,
  `role` enum('anggota','101','102','') COLLATE utf8mb4_unicode_ci NOT NULL,
  `created_at` timestamp NULL DEFAULT NULL,
  `updated_at` timestamp NULL DEFAULT NULL
) ENGINE=InnoDB DEFAULT CHARSET=utf8mb4 COLLATE=utf8mb4_unicode_ci;

--
-- Dumping data for table `anggota`
--

INSERT INTO `anggota` (`id_anggota`, `nama`, `instansi`, `id_regu`, `role`, `created_at`, `updated_at`) VALUES
(2, 'Barly', 'Ambulans Firdaus', 4, 'anggota', NULL, NULL),
(3, 'Firma', 'AQL PEDULI', 4, 'anggota', NULL, NULL),
(4, 'Mako', 'Basarnas Bekasi', 4, 'anggota', NULL, NULL),
(29, 'Terbit', 'GMCI 02', 1, '102', NULL, NULL);

-- --------------------------------------------------------

--
-- Table structure for table `failed_jobs`
--

CREATE TABLE `failed_jobs` (
  `id` bigint(20) UNSIGNED NOT NULL,
  `uuid` varchar(255) COLLATE utf8mb4_unicode_ci NOT NULL,
  `connection` text COLLATE utf8mb4_unicode_ci NOT NULL,
  `queue` text COLLATE utf8mb4_unicode_ci NOT NULL,
  `payload` longtext COLLATE utf8mb4_unicode_ci NOT NULL,
  `exception` longtext COLLATE utf8mb4_unicode_ci NOT NULL,
  `failed_at` timestamp NOT NULL DEFAULT CURRENT_TIMESTAMP
) ENGINE=InnoDB DEFAULT CHARSET=utf8mb4 COLLATE=utf8mb4_unicode_ci;

-- --------------------------------------------------------

--
-- Table structure for table `laporan_final`
--

CREATE TABLE `laporan_final` (
  `id_laporan` int(11) NOT NULL,
  `nama_petugas` varchar(255) NOT NULL,
  `regu` varchar(255) NOT NULL,
  `petugas_piket` text NOT NULL,
  `kejadian` text NOT NULL,
  `tanggal` varchar(255) NOT NULL
) ENGINE=InnoDB DEFAULT CHARSET=latin1;

-- --------------------------------------------------------

--
-- Table structure for table `migrations`
--

CREATE TABLE `migrations` (
  `id` int(10) UNSIGNED NOT NULL,
  `migration` varchar(255) COLLATE utf8mb4_unicode_ci NOT NULL,
  `batch` int(11) NOT NULL
) ENGINE=InnoDB DEFAULT CHARSET=utf8mb4 COLLATE=utf8mb4_unicode_ci;

--
-- Dumping data for table `migrations`
--

INSERT INTO `migrations` (`id`, `migration`, `batch`) VALUES
(9, '2014_10_12_000000_create_users_table', 1),
(10, '2014_10_12_100000_create_password_resets_table', 1),
(11, '2019_08_19_000000_create_failed_jobs_table', 1),
(12, '2019_12_14_000001_create_personal_access_tokens_table', 1),
(13, '2023_10_06_050148_create_anggota_table', 1),
(14, '2023_10_06_050232_create_absen_table', 1),
(15, '2023_10_06_050840_create_regu_table', 1),
(16, '2023_10_06_051303_create_laporan_final_table', 1);

-- --------------------------------------------------------

--
-- Table structure for table `password_resets`
--

CREATE TABLE `password_resets` (
  `email` varchar(255) COLLATE utf8mb4_unicode_ci NOT NULL,
  `token` varchar(255) COLLATE utf8mb4_unicode_ci NOT NULL,
  `created_at` timestamp NULL DEFAULT NULL
) ENGINE=InnoDB DEFAULT CHARSET=utf8mb4 COLLATE=utf8mb4_unicode_ci;

-- --------------------------------------------------------

--
-- Table structure for table `personal_access_tokens`
--

CREATE TABLE `personal_access_tokens` (
  `id` bigint(20) UNSIGNED NOT NULL,
  `tokenable_type` varchar(255) COLLATE utf8mb4_unicode_ci NOT NULL,
  `tokenable_id` bigint(20) UNSIGNED NOT NULL,
  `name` varchar(255) COLLATE utf8mb4_unicode_ci NOT NULL,
  `token` varchar(64) COLLATE utf8mb4_unicode_ci NOT NULL,
  `abilities` text COLLATE utf8mb4_unicode_ci,
  `last_used_at` timestamp NULL DEFAULT NULL,
  `created_at` timestamp NULL DEFAULT NULL,
  `updated_at` timestamp NULL DEFAULT NULL
) ENGINE=InnoDB DEFAULT CHARSET=utf8mb4 COLLATE=utf8mb4_unicode_ci;

-- --------------------------------------------------------

--
-- Table structure for table `regu`
--

CREATE TABLE `regu` (
  `id_regu` int(10) UNSIGNED NOT NULL,
  `nama_regu` varchar(255) COLLATE utf8mb4_unicode_ci NOT NULL,
  `created_at` timestamp NULL DEFAULT NULL,
  `updated_at` timestamp NULL DEFAULT NULL
) ENGINE=InnoDB DEFAULT CHARSET=utf8mb4 COLLATE=utf8mb4_unicode_ci;

--
-- Dumping data for table `regu`
--

INSERT INTO `regu` (`id_regu`, `nama_regu`, `created_at`, `updated_at`) VALUES
(1, 'Regu A', NULL, '2023-10-08 22:14:25'),
(2, 'Regu B', NULL, NULL),
(3, 'Regu C', NULL, NULL),
(4, 'null', NULL, NULL);

-- --------------------------------------------------------

--
-- Table structure for table `users`
--

CREATE TABLE `users` (
  `id` bigint(20) UNSIGNED NOT NULL,
  `name` varchar(255) COLLATE utf8mb4_unicode_ci NOT NULL,
  `email` varchar(255) COLLATE utf8mb4_unicode_ci NOT NULL,
  `email_verified_at` timestamp NULL DEFAULT NULL,
  `password` varchar(255) COLLATE utf8mb4_unicode_ci NOT NULL,
  `remember_token` varchar(100) COLLATE utf8mb4_unicode_ci DEFAULT NULL,
  `created_at` timestamp NULL DEFAULT NULL,
  `updated_at` timestamp NULL DEFAULT NULL
) ENGINE=InnoDB DEFAULT CHARSET=utf8mb4 COLLATE=utf8mb4_unicode_ci;

--
-- Dumping data for table `users`
--

INSERT INTO `users` (`id`, `name`, `email`, `email_verified_at`, `password`, `remember_token`, `created_at`, `updated_at`) VALUES
(1, 'admin', 'admin@admin.com', NULL, '$2y$10$sVoodNnEiREtsc06tq8GEOvVuwUm7P3PkxHDNUkCFtjvTfzcJ/1LC', NULL, '2023-10-15 22:02:26', '2023-10-15 22:02:26');

--
-- Indexes for dumped tables
--

--
-- Indexes for table `absen`
--
ALTER TABLE `absen`
  ADD PRIMARY KEY (`id_absen`),
  ADD KEY `petugas` (`id_anggota`);

--
-- Indexes for table `absensi`
--
ALTER TABLE `absensi`
  ADD PRIMARY KEY (`id_absensi`),
  ADD KEY `id_absen` (`id_absen`),
  ADD KEY `id_anggota` (`id_anggota`);

--
-- Indexes for table `anggota`
--
ALTER TABLE `anggota`
  ADD PRIMARY KEY (`id_anggota`),
  ADD KEY `id_regu` (`id_regu`) USING BTREE;

--
-- Indexes for table `failed_jobs`
--
ALTER TABLE `failed_jobs`
  ADD PRIMARY KEY (`id`),
  ADD UNIQUE KEY `failed_jobs_uuid_unique` (`uuid`);

--
-- Indexes for table `laporan_final`
--
ALTER TABLE `laporan_final`
  ADD PRIMARY KEY (`id_laporan`);

--
-- Indexes for table `migrations`
--
ALTER TABLE `migrations`
  ADD PRIMARY KEY (`id`);

--
-- Indexes for table `password_resets`
--
ALTER TABLE `password_resets`
  ADD KEY `password_resets_email_index` (`email`);

--
-- Indexes for table `personal_access_tokens`
--
ALTER TABLE `personal_access_tokens`
  ADD PRIMARY KEY (`id`),
  ADD UNIQUE KEY `personal_access_tokens_token_unique` (`token`),
  ADD KEY `personal_access_tokens_tokenable_type_tokenable_id_index` (`tokenable_type`,`tokenable_id`);

--
-- Indexes for table `regu`
--
ALTER TABLE `regu`
  ADD PRIMARY KEY (`id_regu`);

--
-- Indexes for table `users`
--
ALTER TABLE `users`
  ADD PRIMARY KEY (`id`),
  ADD UNIQUE KEY `users_email_unique` (`email`);

--
-- AUTO_INCREMENT for dumped tables
--

--
-- AUTO_INCREMENT for table `absen`
--
ALTER TABLE `absen`
  MODIFY `id_absen` int(10) UNSIGNED NOT NULL AUTO_INCREMENT, AUTO_INCREMENT=972006;

--
-- AUTO_INCREMENT for table `absensi`
--
ALTER TABLE `absensi`
  MODIFY `id_absensi` int(11) NOT NULL AUTO_INCREMENT, AUTO_INCREMENT=484;

--
-- AUTO_INCREMENT for table `anggota`
--
ALTER TABLE `anggota`
  MODIFY `id_anggota` int(10) UNSIGNED NOT NULL AUTO_INCREMENT, AUTO_INCREMENT=96;

--
-- AUTO_INCREMENT for table `failed_jobs`
--
ALTER TABLE `failed_jobs`
  MODIFY `id` bigint(20) UNSIGNED NOT NULL AUTO_INCREMENT;

--
-- AUTO_INCREMENT for table `laporan_final`
--
ALTER TABLE `laporan_final`
  MODIFY `id_laporan` int(11) NOT NULL AUTO_INCREMENT;

--
-- AUTO_INCREMENT for table `migrations`
--
ALTER TABLE `migrations`
  MODIFY `id` int(10) UNSIGNED NOT NULL AUTO_INCREMENT, AUTO_INCREMENT=17;

--
-- AUTO_INCREMENT for table `personal_access_tokens`
--
ALTER TABLE `personal_access_tokens`
  MODIFY `id` bigint(20) UNSIGNED NOT NULL AUTO_INCREMENT;

--
-- AUTO_INCREMENT for table `regu`
--
ALTER TABLE `regu`
  MODIFY `id_regu` int(10) UNSIGNED NOT NULL AUTO_INCREMENT, AUTO_INCREMENT=5;

--
-- AUTO_INCREMENT for table `users`
--
ALTER TABLE `users`
  MODIFY `id` bigint(20) UNSIGNED NOT NULL AUTO_INCREMENT, AUTO_INCREMENT=2;

--
-- Constraints for dumped tables
--

--
-- Constraints for table `absen`
--
ALTER TABLE `absen`
  ADD CONSTRAINT `absen_ibfk_1` FOREIGN KEY (`id_anggota`) REFERENCES `anggota` (`id_anggota`);

--
-- Constraints for table `absensi`
--
ALTER TABLE `absensi`
  ADD CONSTRAINT `absensi_ibfk_1` FOREIGN KEY (`id_anggota`) REFERENCES `anggota` (`id_anggota`),
  ADD CONSTRAINT `absensi_ibfk_2` FOREIGN KEY (`id_absen`) REFERENCES `absen` (`id_absen`);

--
-- Constraints for table `anggota`
--
ALTER TABLE `anggota`
  ADD CONSTRAINT `anggota_ibfk_1` FOREIGN KEY (`id_regu`) REFERENCES `regu` (`id_regu`);
COMMIT;

/*!40101 SET CHARACTER_SET_CLIENT=@OLD_CHARACTER_SET_CLIENT */;
/*!40101 SET CHARACTER_SET_RESULTS=@OLD_CHARACTER_SET_RESULTS */;
/*!40101 SET COLLATION_CONNECTION=@OLD_COLLATION_CONNECTION */;
